cut,source,kind,in_ms,len_ms,inferred_slot,verdict,centroid,tilt,usable,alts,corr,fails,note
A_dull_heavy_thump_as_a_wet_sandbag_slams_onto_pa_variation1-s01.wav,"Firefly_audio_A_dull,_heavy_thump_as_a_wet_sandbag_slams_onto_pa_variation1.wav",single,19,171,imp_body,KEEP,3172,9.3,164,"imp_transient, surf_soft, limb_tap, gore_wet, settle_rest",1.0,,satellite @268ms -32dB; satellite @370ms -29dB; satellite @504ms -28dB
A_dull_heavy_thump_as_a_wet_sandbag_slams_onto_pa_variation2-s01.wav,"Firefly_audio_A_dull,_heavy_thump_as_a_wet_sandbag_slams_onto_pa_variation2.wav",single,8,186,imp_body,KEEP,2659,15.3,168,"surf_wood, surf_soft, limb_tap, gore_wet, settle_rest",0.99,,
A_dull_heavy_thump_as_a_wet_sandbag_slams_onto_pa_variation3-s01.wav,"Firefly_audio_A_dull,_heavy_thump_as_a_wet_sandbag_slams_onto_pa_variation3.wav",short,19,85,imp_body,RETRY,2281,16.7,80,limb_tap,0.99,"only 80 ms of event, slot wants 150-250",satellite @162ms -33dB
A_dull_heavy_thump_as_a_wet_sandbag_slams_onto_pa_variation3-s02.wav,"Firefly_audio_A_dull,_heavy_thump_as_a_wet_sandbag_slams_onto_pa_variation3.wav",short,87,81,imp_body,RETRY,4609,6.4,76,imp_transient,0.99,"only 76 ms of event, slot wants 150-250; centroid 4609 Hz, slot wants 800-4200",satellite @162ms -33dB
A_heavy_object_glides_slowly_over_rough_stone_low_variation1-loop.wav,"Firefly_audio_A_heavy_object_glides_slowly_over_rough_stone,_low_variation1.wav",loop,5160,2008,scrape_loop,RETRY,1356,36.3,2008,air_whoosh,1.0,"53 grains/s, want 8-40; tilt +36.3 dB, too bass-led (max +19) — hollow, no mid content",scrape_loop; window swept for seam
A_heavy_object_glides_slowly_over_rough_stone_low_variation1-long.wav,"Firefly_audio_A_heavy_object_glides_slowly_over_rough_stone,_low_variation1.wav",long,20,9910,scrape_loop,RETRY,1056,37.7,9910,"surf_wood, surf_soft, scrape_grain, crunch_gran, gore_wet, settle_rest",1.0,"51 grains/s, want 8-40; tilt +37.7 dB, too bass-led (max +19) — hollow, no mid content","scrape_loop; full take, not seam-matched"
A_heavy_object_glides_slowly_over_rough_stone_low_variation2_1-loop.wav,"Firefly_audio_A_heavy_object_glides_slowly_over_rough_stone,_low_variation2(1).wav",loop,140,2008,scrape_loop,RETRY,830,41.2,2008,air_whoosh,0.99,"66 grains/s, want 8-40; tilt +41.2 dB, too bass-led (max +19) — hollow, no mid content",scrape_loop; window swept for seam
A_heavy_object_glides_slowly_over_rough_stone_low_variation2_1-long.wav,"Firefly_audio_A_heavy_object_glides_slowly_over_rough_stone,_low_variation2(1).wav",long,0,2980,scrape_loop,RETRY,855,40.3,2980,"surf_wood, surf_soft, crunch_gran, gore_wet, settle_rest",0.99,"60 grains/s, want 8-40; tilt +40.3 dB, too bass-led (max +19) — hollow, no mid content","scrape_loop; full take, not seam-matched"
A_heavy_object_glides_slowly_over_rough_stone_low_variation2-loop.wav,"Firefly_audio_A_heavy_object_glides_slowly_over_rough_stone,_low_variation2.wav",loop,400,2008,scrape_loop,RETRY,1990,27.4,2008,air_whoosh,1.0,"62 grains/s, want 8-40; tilt +27.4 dB, too bass-led (max +19) — hollow, no mid content",scrape_loop; window swept for seam
A_heavy_object_glides_slowly_over_rough_stone_low_variation2-long.wav,"Firefly_audio_A_heavy_object_glides_slowly_over_rough_stone,_low_variation2.wav",long,30,2956,scrape_loop,RETRY,1879,27.7,2956,"surf_wood, surf_soft, crunch_gran, gore_wet, settle_rest",1.0,"52 grains/s, want 8-40; tilt +27.7 dB, too bass-led (max +19) — hollow, no mid content","scrape_loop; full take, not seam-matched"
A_heavy_object_glides_slowly_over_rough_stone_low_variation3-loop.wav,"Firefly_audio_A_heavy_object_glides_slowly_over_rough_stone,_low_variation3.wav",loop,480,2008,scrape_loop,RETRY,928,38.4,2008,air_whoosh,1.0,"57 grains/s, want 8-40; tilt +38.4 dB, too bass-led (max +19) — hollow, no mid content",scrape_loop; window swept for seam
A_heavy_object_glides_slowly_over_rough_stone_low_variation3-long.wav,"Firefly_audio_A_heavy_object_glides_slowly_over_rough_stone,_low_variation3.wav",long,30,2960,scrape_loop,RETRY,841,38.7,2960,"surf_wood, surf_soft, crunch_gran, gore_wet, settle_rest",1.0,"49 grains/s, want 8-40; tilt +38.7 dB, too bass-led (max +19) — hollow, no mid content","scrape_loop; full take, not seam-matched"
A_heavy_object_glides_slowly_over_rough_stone_low_variation4_1-loop.wav,"Firefly_audio_A_heavy_object_glides_slowly_over_rough_stone,_low_variation4(1).wav",loop,4640,2008,scrape_loop,RETRY,1879,30.7,2008,air_whoosh,1.0,"63 grains/s, want 8-40; tilt +30.7 dB, too bass-led (max +19) — hollow, no mid content",scrape_loop; window swept for seam
A_heavy_object_glides_slowly_over_rough_stone_low_variation4_1-long.wav,"Firefly_audio_A_heavy_object_glides_slowly_over_rough_stone,_low_variation4(1).wav",long,18,9946,scrape_loop,RETRY,1932,29.8,9946,,1.0,"tilt +29.8 dB, too bass-led (max +19) — hollow, no mid content","scrape_loop; full take, not seam-matched"
A_heavy_object_glides_slowly_over_rough_stone_low_variation4-loop.wav,"Firefly_audio_A_heavy_object_glides_slowly_over_rough_stone,_low_variation4.wav",loop,840,2008,scrape_loop,RETRY,2649,23.8,2008,,1.0,"54 grains/s, want 8-40; tilt +23.8 dB, too bass-led (max +19) — hollow, no mid content",scrape_loop; window swept for seam
A_heavy_object_glides_slowly_over_rough_stone_low_variation4-long.wav,"Firefly_audio_A_heavy_object_glides_slowly_over_rough_stone,_low_variation4.wav",long,22,2940,scrape_loop,RETRY,2676,23.6,2940,gore_wet,1.0,"49 grains/s, want 8-40; tilt +23.6 dB, too bass-led (max +19) — hollow, no mid content","scrape_loop; full take, not seam-matched"
A_heavy_wet_slap_of_soaked_cloth_and_raw_meat_wit_variation2-s01.wav,"Firefly_audio_A_heavy_wet_slap_of_soaked_cloth_and_raw_meat,_wit_variation2.wav",short,194,224,gore_wet,RETRY,6395,-12.3,218,"imp_transient, surf_stone, limb_tap",0.96,"-20 dB in 16 ms, slot wants 20-350; centroid 6395 Hz, slot wants 400-4000",
A_heavy_wet_slap_of_soaked_cloth_and_raw_meat_wit_variation2-s02.wav,"Firefly_audio_A_heavy_wet_slap_of_soaked_cloth_and_raw_meat,_wit_variation2.wav",short,408,396,gore_wet,RETRY,5753,-19.6,392,surf_stone,0.96,"centroid 5753 Hz, slot wants 400-4000",
A_heavy_wet_slap_of_soaked_cloth_and_raw_meat_wit_variation2-long.wav,"Firefly_audio_A_heavy_wet_slap_of_soaked_cloth_and_raw_meat,_wit_variation2.wav",long,194,610,gore_wet,RETRY,6342,-12.7,462,"imp_transient, surf_stone, limb_tap",0.96,"-20 dB in 16 ms, slot wants 20-350; centroid 6342 Hz, slot wants 400-4000",
A_heavy_wet_slap_of_soaked_cloth_and_raw_meat_wit_variation3-s01.wav,"Firefly_audio_A_heavy_wet_slap_of_soaked_cloth_and_raw_meat,_wit_variation3.wav",single,192,458,gore_wet,RETRY,5778,2.5,442,scrape_grain,0.98,"centroid 5778 Hz, slot wants 400-4000",
A_quick_light_forearm_tap_on_a_hard_floor_dry_an_variation1-s01.wav,"Firefly_audio_A_quick,_light_forearm_tap_on_a_hard_floor,_dry_an_variation1.wav",single,165,133,limb_tap,KEEP,4048,-15.6,126,"imp_transient, surf_stone",0.98,,satellite @120ms -33dB; satellite @292ms -27dB
A_quick_light_forearm_tap_on_a_hard_floor_dry_an_variation2-s01.wav,"Firefly_audio_A_quick,_light_forearm_tap_on_a_hard_floor,_dry_an_variation2.wav",single,437,161,limb_tap,KEEP,3509,-24.6,139,"imp_transient, surf_stone",0.97,,satellite @286ms -31dB; satellite @592ms -31dB
A_soft_short_boot_heel_tap_on_stone_gritty_tick_variation2-s01.wav,"Firefly_audio_A_soft,_short_boot_heel_tap_on_stone,_gritty_tick,_variation2.wav",short,22,170,limb_tap,KEEP,4712,1.5,162,imp_transient,1.0,,
A_soft_short_boot_heel_tap_on_stone_gritty_tick_variation2-s02.wav,"Firefly_audio_A_soft,_short_boot_heel_tap_on_stone,_gritty_tick,_variation2.wav",short,786,196,limb_tap,KEEP,6551,-9.1,184,"imp_transient, surf_stone",1.0,,
A_soft_short_boot_heel_tap_on_stone_gritty_tick_variation3-s01.wav,"Firefly_audio_A_soft,_short_boot_heel_tap_on_stone,_gritty_tick,_variation3.wav",single,20,206,limb_tap,KEEP,6604,-3.8,202,imp_transient,1.0,,
A_soft_short_boot_heel_tap_on_stone_gritty_tick_variation4-s01.wav,"Firefly_audio_A_soft,_short_boot_heel_tap_on_stone,_gritty_tick,_variation4.wav",short,20,204,limb_tap,RETRY,3236,13.2,198,"surf_wood, surf_soft, gore_wet",1.0,"6 transients in lomid, slot wants 0-4",
A_soft_short_boot_heel_tap_on_stone_gritty_tick_variation4-s02.wav,"Firefly_audio_A_soft,_short_boot_heel_tap_on_stone,_gritty_tick,_variation4.wav",short,695,123,limb_tap,RETRY,545,29.9,118,,1.0,"centroid 545 Hz, slot wants 600-9000",
A_steady_soft_rustle_of_heavy_woolen_cloak_fabric_variation1-loop.wav,"Firefly_audio_A_steady_soft_rustle_of_heavy_woolen_cloak_fabric,_variation1.wav",loop,300,2508,foley_cloth,RETRY,7095,-22.0,2508,,0.88,"transient 8.6 dB over the bed, must be smooth",foley_cloth; window swept for seam
A_steady_soft_rustle_of_heavy_woolen_cloak_fabric_variation1-long.wav,"Firefly_audio_A_steady_soft_rustle_of_heavy_woolen_cloak_fabric,_variation1.wav",long,96,2782,foley_cloth,RETRY,7096,-22.0,2782,,0.88,"envelope std 7.8 dB, too lumpy for a bed; transient 9.0 dB over the bed, must be smooth","foley_cloth; full take, not seam-matched"
A_steady_soft_rustle_of_heavy_woolen_cloak_fabric_variation3-loop.wav,"Firefly_audio_A_steady_soft_rustle_of_heavy_woolen_cloak_fabric,_variation3.wav",loop,140,2508,foley_cloth,RETRY,5659,-16.7,2508,,0.92,"transient 16.1 dB over the bed, must be smooth",foley_cloth; window swept for seam
A_steady_soft_rustle_of_heavy_woolen_cloak_fabric_variation3-long.wav,"Firefly_audio_A_steady_soft_rustle_of_heavy_woolen_cloak_fabric,_variation3.wav",long,14,2986,foley_cloth,RETRY,5660,-16.7,2986,surf_stone,0.92,"envelope std 6.0 dB, too lumpy for a bed; transient 15.3 dB over the bed, must be smooth","foley_cloth; full take, not seam-matched"
A_steady_soft_rustle_of_heavy_woolen_cloak_fabric_variation4-loop.wav,"Firefly_audio_A_steady_soft_rustle_of_heavy_woolen_cloak_fabric,_variation4.wav",loop,120,2508,foley_cloth,RETRY,5947,-19.6,2508,,0.89,"transient 8.0 dB over the bed, must be smooth",foley_cloth; window swept for seam
A_steady_soft_rustle_of_heavy_woolen_cloak_fabric_variation4-long.wav,"Firefly_audio_A_steady_soft_rustle_of_heavy_woolen_cloak_fabric,_variation4.wav",long,24,2958,foley_cloth,RETRY,5949,-19.6,2958,,0.89,"envelope std 6.6 dB, too lumpy for a bed; transient 8.5 dB over the bed, must be smooth","foley_cloth; full take, not seam-matched"
A_wet_thick_squelch_of_raw_meat_and_offal_single_variation1_1-s01.wav,"Firefly_audio_A_wet,_thick_squelch_of_raw_meat_and_offal,_single_variation1(1).wav",short,88,212,gore_wet,RETRY,6180,-9.5,206,surf_stone,0.98,"centroid 6180 Hz, slot wants 400-4000",satellite @560ms -24dB; satellite @784ms -30dB
A_wet_thick_squelch_of_raw_meat_and_offal_single_variation1_1-s02.wav,"Firefly_audio_A_wet,_thick_squelch_of_raw_meat_and_offal,_single_variation1(1).wav",short,289,277,gore_wet,RETRY,4596,-15.3,272,"imp_transient, surf_stone, limb_tap",0.98,"-20 dB in 10 ms, slot wants 20-350; centroid 4596 Hz, slot wants 400-4000",satellite @560ms -24dB; satellite @784ms -30dB
A_wet_thick_squelch_of_raw_meat_and_offal_single_variation1_1-long.wav,"Firefly_audio_A_wet,_thick_squelch_of_raw_meat_and_offal,_single_variation1(1).wav",long,88,478,gore_wet,RETRY,6106,-9.9,344,,0.98,"centroid 6106 Hz, slot wants 400-4000",satellite @560ms -24dB; satellite @784ms -30dB
A_wet_thick_squelch_of_raw_meat_and_offal_single_variation1-s01.wav,"Firefly_audio_A_wet,_thick_squelch_of_raw_meat_and_offal,_single_variation1.wav",single,154,448,gore_wet,RETRY,4409,-23.4,148,"imp_transient, surf_stone",0.96,"only 148 ms of event, slot wants 200-400; centroid 4409 Hz, slot wants 400-4000",satellite @596ms -21dB; satellite @768ms -26dB
A_wet_thick_squelch_of_raw_meat_and_offal_single_variation2-s01.wav,"Firefly_audio_A_wet,_thick_squelch_of_raw_meat_and_offal,_single_variation2.wav",short,54,500,gore_wet,RETRY,4730,-43.5,212,"surf_stone, scrape_grain",0.96,"centroid 4730 Hz, slot wants 400-4000",satellite @666ms -33dB; satellite @714ms -24dB
A_wet_thick_squelch_of_raw_meat_and_offal_single_variation2-s02.wav,"Firefly_audio_A_wet,_thick_squelch_of_raw_meat_and_offal,_single_variation2.wav",short,544,128,gore_wet,RETRY,5860,-40.2,124,"imp_transient, surf_stone, limb_tap",0.96,"only 124 ms of event, slot wants 200-400; -20 dB in 18 ms, slot wants 20-350; centroid 5860 Hz, slot wants 400-4000",satellite @666ms -33dB; satellite @714ms -24dB
A_wet_thick_squelch_of_raw_meat_and_offal_single_variation2-long.wav,"Firefly_audio_A_wet,_thick_squelch_of_raw_meat_and_offal,_single_variation2.wav",long,54,618,gore_wet,RETRY,4766,-43.1,330,"surf_stone, scrape_grain",0.96,"centroid 4766 Hz, slot wants 400-4000",satellite @666ms -33dB; satellite @714ms -24dB
A_wet_thick_squelch_of_raw_meat_and_offal_single_variation3-s01.wav,"Firefly_audio_A_wet,_thick_squelch_of_raw_meat_and_offal,_single_variation3.wav",single,17,637,gore_wet,RETRY,4059,-4.9,596,,0.99,"-20 dB in 4 ms, slot wants 20-350; centroid 4059 Hz, slot wants 400-4000",satellite @654ms -31dB; satellite @810ms -33dB; satellite @894ms -31dB
A_wet_thick_squelch_of_raw_meat_and_offal_single_variation4_1-s01.wav,"Firefly_audio_A_wet,_thick_squelch_of_raw_meat_and_offal,_single_variation4(1).wav",single,36,452,gore_wet,RETRY,3733,-26.6,424,surf_stone,0.92,"-20 dB in 6 ms, slot wants 20-350",satellite @510ms -31dB
A_wet_thick_squelch_of_raw_meat_and_offal_single_variation4-s01.wav,"Firefly_audio_A_wet,_thick_squelch_of_raw_meat_and_offal,_single_variation4.wav",short,60,304,gore_wet,RETRY,4488,-38.0,122,"surf_stone, scrape_grain",0.97,"only 122 ms of event, slot wants 200-400; centroid 4488 Hz, slot wants 400-4000",satellite @708ms -27dB; satellite @864ms -31dB
A_wet_thick_squelch_of_raw_meat_and_offal_single_variation4-s02.wav,"Firefly_audio_A_wet,_thick_squelch_of_raw_meat_and_offal,_single_variation4.wav",short,354,122,gore_wet,RETRY,4205,-42.0,118,"imp_transient, surf_stone",0.97,"only 118 ms of event, slot wants 200-400; -20 dB in 10 ms, slot wants 20-350; centroid 4205 Hz, slot wants 400-4000",satellite @708ms -27dB; satellite @864ms -31dB
A_wet_thick_squelch_of_raw_meat_and_offal_single_variation4-s03.wav,"Firefly_audio_A_wet,_thick_squelch_of_raw_meat_and_offal,_single_variation4.wav",short,466,248,gore_wet,RETRY,4474,-43.8,244,surf_stone,0.97,"-20 dB in 18 ms, slot wants 20-350; centroid 4474 Hz, slot wants 400-4000",satellite @708ms -27dB; satellite @864ms -31dB
A_wet_thick_squelch_of_raw_meat_and_offal_single_variation4-long.wav,"Firefly_audio_A_wet,_thick_squelch_of_raw_meat_and_offal,_single_variation4.wav",long,60,654,gore_wet,RETRY,4410,-38.8,304,"surf_stone, scrape_grain",0.97,"centroid 4410 Hz, slot wants 400-4000",satellite @708ms -27dB; satellite @864ms -31dB
a_dry_meaty_damp_cut_of_meat_dropped_onto_a_butche_variation1-s01.wav,Firefly_audio_a_dry_meaty_damp_cut_of_meat_dropped_onto_a_butche_variation1.wav,short,135,163,imp_body,RETRY,3755,4.8,155,"imp_transient, limb_tap",0.75,"-20 dB in 12 ms, slot wants 15-200",satellite @394ms -31dB
a_dry_meaty_damp_cut_of_meat_dropped_onto_a_butche_variation1-s02.wav,Firefly_audio_a_dry_meaty_damp_cut_of_meat_dropped_onto_a_butche_variation1.wav,short,285,115,imp_body,RETRY,3993,21.1,110,,0.75,"only 110 ms of event, slot wants 150-250; second contact at +43 ms (-16 dB), collides with imp_sub; 6 transients in lomid, slot wants 0-5",satellite @394ms -31dB
continuous_soft_rustle_of_heavy_woollen_cloak_fabr_variation1-loop.wav,Firefly_audio_continuous_soft_rustle_of_heavy_woollen_cloak_fabr_variation1.wav,loop,2980,2508,foley_cloth,RETRY,5266,-20.5,2508,,0.91,"envelope std 7.2 dB, too lumpy for a bed; transient 11.6 dB over the bed, must be smooth",foley_cloth; window swept for seam
continuous_soft_rustle_of_heavy_woollen_cloak_fabr_variation1-long.wav,Firefly_audio_continuous_soft_rustle_of_heavy_woollen_cloak_fabr_variation1.wav,long,34,9828,foley_cloth,RETRY,5063,-20.2,9828,,0.91,"envelope std 6.8 dB, too lumpy for a bed; transient 20.0 dB over the bed, must be smooth","foley_cloth; full take, not seam-matched"
dull_muffled_thump_into_damp_soil_soft_dead_impac_variation1_1-s01.wav,"Firefly_audio_dull_muffled_thump_into_damp_soil,_soft_dead_impac_variation1(1).wav",single,15,551,surf_soft,RETRY,5412,8.7,533,"imp_transient, limb_tap",1.0,"-20 dB in 6 ms, slot wants 15-200; centroid 5412 Hz, slot wants 300-3200",satellite @580ms -33dB
dull_muffled_thump_into_damp_soil_soft_dead_impac_variation1-s01.wav,"Firefly_audio_dull_muffled_thump_into_damp_soil,_soft_dead_impac_variation1.wav",single,64,212,surf_soft,KEEP,2307,20.8,202,"imp_body, surf_wood, limb_tap, gore_wet, settle_rest",1.0,,
dull_muffled_thump_into_damp_soil_soft_dead_impac_variation2-s01.wav,"Firefly_audio_dull_muffled_thump_into_damp_soil,_soft_dead_impac_variation2.wav",single,35,233,surf_soft,KEEP,3048,14.0,221,"imp_body, limb_tap, gore_wet, settle_rest",1.0,,satellite @262ms -29dB
dull_muffled_thump_into_damp_soil_soft_dead_impac_variation4-s01.wav,"Firefly_audio_dull_muffled_thump_into_damp_soil,_soft_dead_impac_variation4.wav",single,13,451,surf_soft,RETRY,5054,16.7,445,limb_tap,1.0,"centroid 5054 Hz, slot wants 300-3200",
fish_slap_variation1-s01.wav,Firefly_audio_fish_slap_variation1.wav,short,274,118,imp_transient,KEEP,5344,-25.8,114,"surf_stone, limb_tap",0.98,,satellite @94ms -31dB; satellite @158ms -31dB; satellite @604ms -26dB
fish_slap_variation1-s02.wav,Firefly_audio_fish_slap_variation1.wav,short,382,228,imp_transient,RETRY,5651,-26.4,224,"surf_stone, scrape_grain",0.98,"-20 dB in 170 ms, slot wants 5-90; 16 transients in lomid, slot wants 0-6",satellite @94ms -31dB; satellite @158ms -31dB; satellite @604ms -26dB
fish_slap_variation3_1-s01.wav,Firefly_audio_fish_slap_variation3(1).wav,single,328,672,imp_transient,RETRY,7122,-50.1,668,surf_stone,0.99,"16 transients in lomid, slot wants 0-6",
fish_slap_variation3-s01.wav,Firefly_audio_fish_slap_variation3.wav,single,34,138,imp_transient,KEEP,6225,-31.4,132,"surf_stone, limb_tap",0.83,,
fish_slap_variation4-s01.wav,Firefly_audio_fish_slap_variation4.wav,single,194,112,imp_transient,KEEP,7044,-28.9,106,"surf_stone, limb_tap",0.98,,satellite @300ms -28dB; satellite @394ms -23dB; satellite @498ms -21dB; satellite @588ms -29dB; satellite @736ms -25dB
hard_flat_impact_against_cold_stone_flagstone_tig_variation1-s01.wav,"Firefly_audio_hard_flat_impact_against_cold_stone_flagstone,_tig_variation1.wav",single,22,426,surf_stone,RETRY,1732,17.7,422,"imp_body, surf_wood, surf_soft, limb_tap, gore_wet, settle_rest",0.89,"tilt +17.7 dB, too bass-led (max -2) — a body take, not a transient",
hard_flat_impact_of_human_body_against_cold_stone_variation1-s01.wav,Firefly_audio_hard_flat_impact_of_human_body_against_cold_stone__variation1.wav,single,20,524,surf_stone,RETRY,3747,8.0,501,"imp_transient, imp_body, limb_tap, gore_wet",0.96,"tilt +8.0 dB, too bass-led (max -2) — a body take, not a transient",
hard_flat_impact_of_human_body_against_cold_stone_variation3-s01.wav,Firefly_audio_hard_flat_impact_of_human_body_against_cold_stone__variation3.wav,single,34,784,surf_stone,RETRY,2748,12.9,780,"surf_wood, surf_soft, gore_wet, head_impact, settle_rest",0.99,"tilt +12.9 dB, too bass-led (max -2) — a body take, not a transient",
hard_flat_impact_of_human_body_against_cold_stone_variation4-s01.wav,Firefly_audio_hard_flat_impact_of_human_body_against_cold_stone__variation4.wav,short,19,77,surf_stone,RETRY,2377,6.4,72,"imp_transient, limb_tap",0.68,"only 72 ms of event, slot wants 100-160; tilt +6.4 dB, too bass-led (max -2) — a body take, not a transient",satellite @90ms -22dB; satellite @426ms -32dB; satellite @592ms -28dB
hard_flat_impact_of_human_body_against_cold_stone_variation4-s02.wav,Firefly_audio_hard_flat_impact_of_human_body_against_cold_stone__variation4.wav,short,216,216,surf_stone,RETRY,2489,-0.4,160,"imp_transient, limb_tap",0.68,"tilt -0.4 dB, too bass-led (max -2) — a body take, not a transient",satellite @90ms -22dB; satellite @426ms -32dB; satellite @592ms -28dB
hard_knuckle_crack_against_a_wooden_board_one_sho_variation1-s01.wav,"Firefly_audio_hard_knuckle_crack_against_a_wooden_board,_one_sho_variation1.wav",short,15,91,imp_transient,KEEP,1814,-15.4,84,limb_tap,0.99,,
hard_knuckle_crack_against_a_wooden_board_one_sho_variation1-s02.wav,"Firefly_audio_hard_knuckle_crack_against_a_wooden_board,_one_sho_variation1.wav",short,897,67,imp_transient,RETRY,1365,-15.2,60,limb_tap,0.99,"centroid 1365 Hz, slot wants 1500-9000",
hard_knuckle_crack_against_a_wooden_board_one_sho_variation2-s01.wav,"Firefly_audio_hard_knuckle_crack_against_a_wooden_board,_one_sho_variation2.wav",short,343,67,imp_transient,KEEP,2372,-24.7,60,limb_tap,0.96,,
hard_knuckle_crack_against_a_wooden_board_one_sho_variation2-s02.wav,"Firefly_audio_hard_knuckle_crack_against_a_wooden_board,_one_sho_variation2.wav",short,801,67,imp_transient,KEEP,1772,-21.9,55,limb_tap,0.96,,
hard_knuckle_crack_against_a_wooden_board_one_sho_variation2-s03.wav,"Firefly_audio_hard_knuckle_crack_against_a_wooden_board,_one_sho_variation2.wav",short,926,60,imp_transient,RETRY,1335,-2.7,52,limb_tap,0.96,"centroid 1335 Hz, slot wants 1500-9000; tilt -2.7 dB, too bass-led (max -6) — a body take, not a transient",
heavy_body_dragged_slowly_across_rough_stone_low_variation1-loop.wav,"Firefly_audio_heavy_body_dragged_slowly_across_rough_stone,_low__variation1.wav",loop,11960,2008,scrape_loop,RETRY,2443,22.6,2008,,1.0,"60 grains/s, want 8-40; tilt +22.6 dB, too bass-led (max +19) — hollow, no mid content",scrape_loop; window swept for seam
heavy_body_dragged_slowly_across_rough_stone_low_variation1-long.wav,"Firefly_audio_heavy_body_dragged_slowly_across_rough_stone,_low__variation1.wav",long,40,14938,scrape_loop,RETRY,2658,21.1,14938,"surf_soft, gore_wet, settle_rest",1.0,"tilt +21.1 dB, too bass-led (max +19) — hollow, no mid content","scrape_loop; full take, not seam-matched"
heavy_body_dragged_slowly_across_rough_stone_low_variation2-loop.wav,"Firefly_audio_heavy_body_dragged_slowly_across_rough_stone,_low__variation2.wav",loop,380,2008,scrape_loop,RETRY,3675,17.6,2008,,0.98,"73 grains/s, want 8-40",scrape_loop; window swept for seam
heavy_body_dragged_slowly_across_rough_stone_low_variation2-long.wav,"Firefly_audio_heavy_body_dragged_slowly_across_rough_stone,_low__variation2.wav",long,4,2934,scrape_loop,RETRY,3920,16.6,2934,,0.98,"57 grains/s, want 8-40","scrape_loop; full take, not seam-matched"
heavy_body_dragged_slowly_across_rough_stone_low_variation3_1-loop.wav,"Firefly_audio_heavy_body_dragged_slowly_across_rough_stone,_low__variation3(1).wav",loop,800,2008,scrape_loop,RETRY,3959,14.0,2008,,0.99,"64 grains/s, want 8-40",scrape_loop; window swept for seam
heavy_body_dragged_slowly_across_rough_stone_low_variation3_1-long.wav,"Firefly_audio_heavy_body_dragged_slowly_across_rough_stone,_low__variation3(1).wav",long,40,2902,scrape_loop,RETRY,3786,14.6,2902,,0.99,"42 grains/s, want 8-40","scrape_loop; full take, not seam-matched"
heavy_body_dragged_slowly_across_rough_stone_low_variation4-loop.wav,"Firefly_audio_heavy_body_dragged_slowly_across_rough_stone,_low__variation4.wav",loop,4260,2008,scrape_loop,RETRY,2053,26.3,2008,,1.0,"tilt +26.3 dB, too bass-led (max +19) — hollow, no mid content",scrape_loop; window swept for seam
heavy_body_dragged_slowly_across_rough_stone_low_variation4-long.wav,"Firefly_audio_heavy_body_dragged_slowly_across_rough_stone,_low__variation4.wav",long,22,14954,scrape_loop,RETRY,2297,24.6,14954,gore_wet,1.0,"tilt +24.6 dB, too bass-led (max +19) — hollow, no mid content","scrape_loop; full take, not seam-matched"
heavy_body_violently_sliding_and_scraping_along_gr_variation1-loop.wav,Firefly_audio_heavy_body_violently_sliding_and_scraping_along_gr_variation1.wav,loop,6760,2008,scrape_loop,RETRY,5177,7.7,2008,,0.99,"69 grains/s, want 8-40",scrape_loop; window swept for seam
heavy_body_violently_sliding_and_scraping_along_gr_variation1-long.wav,Firefly_audio_heavy_body_violently_sliding_and_scraping_along_gr_variation1.wav,long,12,9916,scrape_loop,RETRY,5578,5.7,9916,,0.99,"67 grains/s, want 8-40","scrape_loop; full take, not seam-matched"
heavy_body_violently_sliding_and_scraping_along_gr_variation2-loop.wav,Firefly_audio_heavy_body_violently_sliding_and_scraping_along_gr_variation2.wav,loop,3480,2008,scrape_loop,RETRY,3311,17.7,2008,,0.99,"53 grains/s, want 8-40",scrape_loop; window swept for seam
heavy_body_violently_sliding_and_scraping_along_gr_variation2-long.wav,Firefly_audio_heavy_body_violently_sliding_and_scraping_along_gr_variation2.wav,long,20,9898,scrape_loop,KEEP,3135,18.6,9898,gore_wet,0.99,,"scrape_loop; full take, not seam-matched"
heavy_forearm_dropped_onto_packed_earth_single_qu_variation3-s01.wav,"Firefly_audio_heavy_forearm_dropped_onto_packed_earth,_single_qu_variation3.wav",single,57,455,limb_tap,KEEP,5136,5.3,426,,1.0,,satellite @506ms -31dB
heavy_limp_body_settling_onto_the_ground_soft_fin_variation4-s01.wav,"Firefly_audio_heavy_limp_body_settling_onto_the_ground,_soft_fin_variation4.wav",single,129,417,settle_rest,RETRY,2035,13.0,410,surf_soft,1.0,"-20 dB in 18 ms, slot wants 20-400",satellite @682ms -30dB
heavy_side_of_raw_meat_dropped_flat_onto_a_wooden_variation1-s01.wav,Firefly_audio_heavy_side_of_raw_meat_dropped_flat_onto_a_wooden__variation1.wav,single,174,670,imp_body,KEEP*,4084,16.3,660,,1.0,"second contact at +55 ms (-2 dB), collides with imp_sub",
heavy_side_of_raw_meat_dropped_flat_onto_a_wooden_variation3-s01.wav,Firefly_audio_heavy_side_of_raw_meat_dropped_flat_onto_a_wooden__variation3.wav,single,124,784,imp_body,RETRY,3446,19.2,774,"gore_wet, head_impact",0.95,"6 transients in lomid, slot wants 0-5",
heavy_side_of_raw_meat_dropped_flat_onto_a_wooden_variation4_1-s01.wav,Firefly_audio_heavy_side_of_raw_meat_dropped_flat_onto_a_wooden__variation4(1).wav,short,236,302,imp_body,RETRY,4400,8.1,292,"imp_transient, limb_tap",1.0,"centroid 4400 Hz, slot wants 800-4200",satellite @174ms -30dB
heavy_side_of_raw_meat_dropped_flat_onto_a_wooden_variation4_1-s02.wav,Firefly_audio_heavy_side_of_raw_meat_dropped_flat_onto_a_wooden__variation4(1).wav,short,589,227,imp_body,RETRY,4522,21.2,220,,1.0,"centroid 4522 Hz, slot wants 800-4200; 6 transients in lomid, slot wants 0-5",satellite @174ms -30dB
heavy_side_of_raw_meat_dropped_flat_onto_a_wooden_variation4-s01.wav,Firefly_audio_heavy_side_of_raw_meat_dropped_flat_onto_a_wooden__variation4.wav,single,17,481,imp_body,RETRY,5071,7.2,472,limb_tap,1.0,"-20 dB in 12 ms, slot wants 15-200; centroid 5071 Hz, slot wants 800-4200",
heavy_thud_on_old_creaking_wooden_boards_hollow_b_variation3-s01.wav,"Firefly_audio_heavy_thud_on_old_creaking_wooden_boards,_hollow_b_variation3.wav",short,22,90,surf_wood,RETRY,1051,13.0,86,,0.82,"only 86 ms of event, slot wants 120-200",satellite @176ms -22dB
heavy_thud_on_old_creaking_wooden_boards_hollow_b_variation3-s02.wav,"Firefly_audio_heavy_thud_on_old_creaking_wooden_boards,_hollow_b_variation3.wav",short,99,83,surf_wood,RETRY,1064,27.1,78,,0.82,"only 78 ms of event, slot wants 120-200",satellite @176ms -22dB
heavy_thud_on_old_creaking_wooden_boards_hollow_b_variation4-s01.wav,"Firefly_audio_heavy_thud_on_old_creaking_wooden_boards,_hollow_b_variation4.wav",short,23,93,surf_wood,RETRY,1321,17.5,88,,1.0,"only 88 ms of event, slot wants 120-200",satellite @522ms -31dB
heavy_thud_on_old_creaking_wooden_boards_hollow_b_variation4-s02.wav,"Firefly_audio_heavy_thud_on_old_creaking_wooden_boards,_hollow_b_variation4.wav",short,106,422,surf_wood,KEEP,674,36.4,418,"surf_soft, scrape_grain, gore_wet, head_impact, settle_rest",1.0,,satellite @522ms -31dB
heavy_wet_slap_of_soaked_cloth_and_raw_meat_torn_a_variation1-s01.wav,Firefly_audio_heavy_wet_slap_of_soaked_cloth_and_raw_meat_torn_a_variation1.wav,short,58,138,gore_wet,RETRY,4666,-23.9,132,surf_stone,0.95,"only 132 ms of event, slot wants 200-400; centroid 4666 Hz, slot wants 400-4000",
heavy_wet_slap_of_soaked_cloth_and_raw_meat_torn_a_variation1-s02.wav,Firefly_audio_heavy_wet_slap_of_soaked_cloth_and_raw_meat_torn_a_variation1.wav,short,186,298,gore_wet,RETRY,5305,-25.9,290,"imp_transient, surf_stone, limb_tap",0.95,"-20 dB in 12 ms, slot wants 20-350; centroid 5305 Hz, slot wants 400-4000",
heavy_wet_slap_of_soaked_cloth_and_raw_meat_torn_a_variation1-long.wav,Firefly_audio_heavy_wet_slap_of_soaked_cloth_and_raw_meat_torn_a_variation1.wav,long,58,426,gore_wet,RETRY,4665,-24.1,258,surf_stone,0.95,"centroid 4665 Hz, slot wants 400-4000",
heavy_wet_slap_of_soaked_cloth_and_raw_meat_torn_a_variation2-s01.wav,Firefly_audio_heavy_wet_slap_of_soaked_cloth_and_raw_meat_torn_a_variation2.wav,short,238,162,gore_wet,RETRY,7964,-37.2,114,"imp_transient, surf_stone",0.83,"only 114 ms of event, slot wants 200-400; centroid 7964 Hz, slot wants 400-4000",
heavy_wet_slap_of_soaked_cloth_and_raw_meat_torn_a_variation2-s02.wav,Firefly_audio_heavy_wet_slap_of_soaked_cloth_and_raw_meat_torn_a_variation2.wav,short,390,170,gore_wet,RETRY,8254,-22.6,166,"imp_transient, surf_stone, limb_tap",0.83,"centroid 8254 Hz, slot wants 400-4000",
heavy_wet_slap_of_soaked_cloth_and_raw_meat_torn_a_variation2-long.wav,Firefly_audio_heavy_wet_slap_of_soaked_cloth_and_raw_meat_torn_a_variation2.wav,long,238,322,gore_wet,RETRY,7937,-26.3,270,,0.83,"centroid 7937 Hz, slot wants 400-4000",
heavy_wet_slap_of_soaked_cloth_and_raw_meat_torn_a_variation3-s01.wav,Firefly_audio_heavy_wet_slap_of_soaked_cloth_and_raw_meat_torn_a_variation3.wav,short,30,132,gore_wet,RETRY,6048,-28.8,110,"imp_transient, surf_stone",0.96,"only 110 ms of event, slot wants 200-400; centroid 6048 Hz, slot wants 400-4000",satellite @358ms -33dB; satellite @614ms -22dB; satellite @676ms -28dB
heavy_wet_slap_of_soaked_cloth_and_raw_meat_torn_a_variation3-s02.wav,Firefly_audio_heavy_wet_slap_of_soaked_cloth_and_raw_meat_torn_a_variation3.wav,short,152,142,gore_wet,RETRY,6781,-25.5,134,"imp_transient, surf_stone, limb_tap",0.96,"only 134 ms of event, slot wants 200-400; -20 dB in 16 ms, slot wants 20-350; centroid 6781 Hz, slot wants 400-4000",satellite @358ms -33dB; satellite @614ms -22dB; satellite @676ms -28dB
heavy_wet_slap_of_soaked_cloth_and_raw_meat_torn_a_variation3-long.wav,Firefly_audio_heavy_wet_slap_of_soaked_cloth_and_raw_meat_torn_a_variation3.wav,long,30,264,gore_wet,RETRY,6095,-27.5,214,surf_stone,0.96,"centroid 6095 Hz, slot wants 400-4000",satellite @358ms -33dB; satellite @614ms -22dB; satellite @676ms -28dB
hitmarker_sound_single_short_crack_tap_critical_variation1-s01.wav,"Firefly_audio_hitmarker_sound,_single_short_crack_tap,_critical__variation1.wav",single,20,460,imp_transient,KEEP,7644,-37.1,404,"surf_stone, limb_tap",0.99,,
hitmarker_sound_single_short_crack_tap_critical_variation2-s01.wav,"Firefly_audio_hitmarker_sound,_single_short_crack_tap,_critical__variation2.wav",single,99,127,imp_transient,RETRY,8037,-54.6,120,limb_tap,0.61,"-20 dB in 4 ms, slot wants 5-90",
leg_of_raw_meat_dropped_flat_onto_a_bare_wooden_fl_variation2-s01.wav,Firefly_audio_leg_of_raw_meat_dropped_flat_onto_a_bare_wooden_fl_variation2.wav,short,44,276,imp_body,RETRY,4474,-0.0,268,imp_transient,0.95,"centroid 4474 Hz, slot wants 800-4200; tilt -0.0 dB, must lean low by 4+ (not a hiss)",
leg_of_raw_meat_dropped_flat_onto_a_bare_wooden_fl_variation2-s02.wav,Firefly_audio_leg_of_raw_meat_dropped_flat_onto_a_bare_wooden_fl_variation2.wav,short,650,322,imp_body,RETRY,6169,4.1,314,"imp_transient, limb_tap",0.95,"centroid 6169 Hz, slot wants 800-4200",
light_quick_tap_of_a_forearm_against_a_hard_floor_variation1-s01.wav,"Firefly_audio_light_quick_tap_of_a_forearm_against_a_hard_floor,_variation1.wav",short,26,134,limb_tap,KEEP,5708,-9.4,96,"imp_transient, surf_stone",0.89,,
light_quick_tap_of_a_forearm_against_a_hard_floor_variation1-s02.wav,"Firefly_audio_light_quick_tap_of_a_forearm_against_a_hard_floor,_variation1.wav",short,192,388,limb_tap,KEEP,5758,-15.6,102,"imp_transient, surf_stone",0.89,,
light_quick_tap_of_a_forearm_against_a_hard_floor_variation1-s03.wav,"Firefly_audio_light_quick_tap_of_a_forearm_against_a_hard_floor,_variation1.wav",short,842,104,limb_tap,KEEP,5866,-13.6,62,imp_transient,0.89,,
light_quick_tap_of_a_forearm_against_a_hard_floor_variation2-s01.wav,"Firefly_audio_light_quick_tap_of_a_forearm_against_a_hard_floor,_variation2.wav",short,8,188,limb_tap,KEEP,3993,-1.3,182,imp_transient,0.91,,satellite @190ms -27dB; satellite @432ms -28dB; satellite @676ms -32dB
light_quick_tap_of_a_forearm_against_a_hard_floor_variation2-s02.wav,"Firefly_audio_light_quick_tap_of_a_forearm_against_a_hard_floor,_variation2.wav",short,266,172,limb_tap,KEEP,4558,-0.6,166,imp_transient,0.91,,satellite @190ms -27dB; satellite @432ms -28dB; satellite @676ms -32dB
light_quick_tap_of_a_forearm_against_a_hard_floor_variation2-s03.wav,"Firefly_audio_light_quick_tap_of_a_forearm_against_a_hard_floor,_variation2.wav",short,506,176,limb_tap,KEEP,4740,0.0,167,imp_transient,0.91,,satellite @190ms -27dB; satellite @432ms -28dB; satellite @676ms -32dB
light_quick_tap_of_a_forearm_against_a_hard_floor_variation2-s04.wav,"Firefly_audio_light_quick_tap_of_a_forearm_against_a_hard_floor,_variation2.wav",short,739,189,limb_tap,KEEP,4810,-6.0,182,imp_transient,0.91,,satellite @190ms -27dB; satellite @432ms -28dB; satellite @676ms -32dB
light_quick_tap_of_a_forearm_against_a_hard_floor_variation3-s01.wav,"Firefly_audio_light_quick_tap_of_a_forearm_against_a_hard_floor,_variation3.wav",short,33,569,limb_tap,KEEP,5058,-10.9,510,"imp_transient, surf_stone",0.96,,satellite @716ms -27dB
light_quick_tap_of_a_forearm_against_a_hard_floor_variation3-s02.wav,"Firefly_audio_light_quick_tap_of_a_forearm_against_a_hard_floor,_variation3.wav",short,590,132,limb_tap,KEEP,5475,-16.9,88,"imp_transient, surf_stone",0.96,,satellite @716ms -27dB
loose_fabric_and_a_heavy_limb_slumping_to_rest_on_variation3-s01.wav,Firefly_audio_loose_fabric_and_a_heavy_limb_slumping_to_rest_on__variation3.wav,short,62,250,settle_rest,KEEP,2462,9.4,246,"surf_wood, surf_soft, scrape_grain, gore_wet, head_impact",0.99,,
loose_fabric_and_a_heavy_limb_slumping_to_rest_on_variation3-s02.wav,Firefly_audio_loose_fabric_and_a_heavy_limb_slumping_to_rest_on__variation3.wav,short,301,377,settle_rest,KEEP,2567,11.7,370,"surf_wood, surf_soft, gore_wet, head_impact",0.99,,
naked_body_sliding_along_gorund_close_mic_dry_st_variation3-loop.wav,"Firefly_audio_naked_body_sliding_along_gorund,_close_mic,_dry_st_variation3.wav",loop,0,1000,scrape_loop,RETRY,9773,-40.4,1000,,0.9,"envelope std 11.9 dB, too lumpy for a bed; 42 grains/s, want 8-40; tilt -40.4 dB, must lean low by 5+ (not a hiss)",scrape_loop; window swept for seam
naked_body_sliding_along_gorund_close_mic_dry_st_variation3-long.wav,"Firefly_audio_naked_body_sliding_along_gorund,_close_mic,_dry_st_variation3.wav",long,28,908,scrape_loop,RETRY,9774,-40.4,908,,0.9,"envelope std 11.6 dB, too lumpy for a bed; 46 grains/s, want 8-40; tilt -40.4 dB, must lean low by 5+ (not a hiss)","scrape_loop; full take, not seam-matched"
naked_body_sliding_along_ground_dense_continuous_variation3-loop.wav,"Firefly_audio_naked_body_sliding_along_ground,_dense_continuous__variation3.wav",loop,2280,2008,scrape_loop,RETRY,7824,-19.1,2008,foley_cloth,0.91,"envelope std 1.5 dB, too flat/synthetic; 81 grains/s, want 8-40; tilt -19.1 dB, must lean low by 5+ (not a hiss)",scrape_loop; window swept for seam
naked_body_sliding_along_ground_dense_continuous_variation3-long.wav,"Firefly_audio_naked_body_sliding_along_ground,_dense_continuous__variation3.wav",long,0,9978,scrape_loop,RETRY,7919,-21.3,9978,,0.91,"74 grains/s, want 8-40; tilt -21.3 dB, must lean low by 5+ (not a hiss)","scrape_loop; full take, not seam-matched"
naked_body_sliding_and_scraping_along_ground_dens_variation1-loop.wav,"Firefly_audio_naked_body_sliding_and_scraping_along_ground,_dens_variation1.wav",loop,3320,2008,scrape_loop,RETRY,8542,-36.3,2008,,0.91,"47 grains/s, want 8-40; tilt -36.3 dB, must lean low by 5+ (not a hiss)",scrape_loop; window swept for seam
naked_body_sliding_and_scraping_along_ground_dens_variation1-long.wav,"Firefly_audio_naked_body_sliding_and_scraping_along_ground,_dens_variation1.wav",long,0,9982,scrape_loop,RETRY,9110,-36.6,9982,,0.91,"tilt -36.6 dB, must lean low by 5+ (not a hiss)","scrape_loop; full take, not seam-matched"
quick_impact_crushing_of_a_bundle_of_dry_celery_a_variation1-s01.wav,"Firefly_audio_quick_impact,_crushing_of_a_bundle_of_dry_celery_a_variation1.wav",short,90,190,crunch_gran,RETRY,8481,-23.0,120,"imp_transient, surf_stone, limb_tap",0.95,"only 120 ms of event, slot wants 250-400; -20 dB in 14 ms, slot wants 30-400; centroid 8481 Hz, slot wants 500-4500; 2 transients in lomid, slot wants 15-99",satellite @710ms -26dB
quick_impact_crushing_of_a_bundle_of_dry_celery_a_variation1-s02.wav,"Firefly_audio_quick_impact,_crushing_of_a_bundle_of_dry_celery_a_variation1.wav",short,270,436,crunch_gran,RETRY,7708,-42.2,284,limb_tap,0.95,"-20 dB in 4 ms, slot wants 30-400; centroid 7708 Hz, slot wants 500-4500; 4 transients in lomid, slot wants 15-99",satellite @710ms -26dB
quick_impact_crushing_of_a_bundle_of_dry_celery_a_variation1-long.wav,"Firefly_audio_quick_impact,_crushing_of_a_bundle_of_dry_celery_a_variation1.wav",long,90,616,crunch_gran,RETRY,8319,-24.3,542,"imp_transient, surf_stone",0.95,"-20 dB in 14 ms, slot wants 30-400; centroid 8319 Hz, slot wants 500-4500; 6 transients in lomid, slot wants 15-99",satellite @710ms -26dB
quick_light_tap_of_a_hand_on_packed_earth_one_sof_variation3-s01.wav,"Firefly_audio_quick_light_tap_of_a_hand_on_packed_earth,_one_sof_variation3.wav",short,4,112,limb_tap,KEEP,4441,9.6,104,,1.0,,
quick_light_tap_of_a_hand_on_packed_earth_one_sof_variation3-s02.wav,"Firefly_audio_quick_light_tap_of_a_hand_on_packed_earth,_one_sof_variation3.wav",short,543,109,limb_tap,KEEP,6259,9.8,104,,1.0,,
quick_light_tap_of_a_hand_on_packed_earth_one_sof_variation3-s03.wav,"Firefly_audio_quick_light_tap_of_a_hand_on_packed_earth,_one_sof_variation3.wav",short,886,94,limb_tap,KEEP,4063,8.8,86,,1.0,,
sandbag_full_of_wet_sand_slammed_onto_packed_earth_variation1-s01.wav,Firefly_audio_sandbag_full_of_wet_sand_slammed_onto_packed_earth_variation1.wav,short,14,230,imp_body,KEEP,3690,7.7,226,"imp_transient, limb_tap, gore_wet",0.96,,
sandbag_full_of_wet_sand_slammed_onto_packed_earth_variation1-s02.wav,Firefly_audio_sandbag_full_of_wet_sand_slammed_onto_packed_earth_variation1.wav,short,231,421,imp_body,RETRY,4520,10.4,412,scrape_grain,0.96,"centroid 4520 Hz, slot wants 800-4200; 10 transients in lomid, slot wants 0-5",
sandbag_full_of_wet_sand_slammed_onto_packed_earth_variation2-s01.wav,Firefly_audio_sandbag_full_of_wet_sand_slammed_onto_packed_earth_variation2.wav,short,27,117,imp_body,RETRY,3366,3.6,112,"imp_transient, limb_tap",0.84,"only 112 ms of event, slot wants 150-250; tilt +3.6 dB, must lean low by 4+ (not a hiss)",satellite @434ms -34dB
sandbag_full_of_wet_sand_slammed_onto_packed_earth_variation2-s02.wav,Firefly_audio_sandbag_full_of_wet_sand_slammed_onto_packed_earth_variation2.wav,short,133,307,imp_body,RETRY,5768,-2.7,302,"surf_stone, scrape_grain",0.84,"centroid 5768 Hz, slot wants 800-4200; tilt -2.7 dB, must lean low by 4+ (not a hiss); 20 transients in lomid, slot wants 0-5",satellite @434ms -34dB
series_of_light_limb_taps_on_a_hard_floor_five_to_variation1_1-s01.wav,"Firefly_audio_series_of_light_limb_taps_on_a_hard_floor,_five_to_variation1(1).wav",short,20,248,limb_tap,KEEP,3793,1.8,242,"imp_transient, imp_body, gore_wet",1.0,,
series_of_light_limb_taps_on_a_hard_floor_five_to_variation1_1-s02.wav,"Firefly_audio_series_of_light_limb_taps_on_a_hard_floor,_five_to_variation1(1).wav",short,239,167,limb_tap,KEEP,2859,9.3,162,"imp_body, surf_wood, surf_soft, gore_wet, settle_rest",1.0,,
series_of_light_limb_taps_on_a_hard_floor_five_to_variation1_1-s03.wav,"Firefly_audio_series_of_light_limb_taps_on_a_hard_floor,_five_to_variation1(1).wav",short,394,214,limb_tap,KEEP,3396,12.2,174,"imp_body, surf_wood, surf_soft, gore_wet, settle_rest",1.0,,
series_of_light_limb_taps_on_a_hard_floor_five_to_variation1_1-s04.wav,"Firefly_audio_series_of_light_limb_taps_on_a_hard_floor,_five_to_variation1(1).wav",short,606,194,limb_tap,KEEP,3453,8.8,174,"imp_body, surf_soft",1.0,,
series_of_light_limb_taps_on_a_hard_floor_five_to_variation1_1-s05.wav,"Firefly_audio_series_of_light_limb_taps_on_a_hard_floor,_five_to_variation1(1).wav",short,856,142,limb_tap,KEEP,3918,2.5,130,imp_transient,1.0,,
series_of_light_limb_taps_on_a_hard_floor_five_to_variation1-s01.wav,"Firefly_audio_series_of_light_limb_taps_on_a_hard_floor,_five_to_variation1.wav",short,20,72,limb_tap,KEEP,1759,13.5,66,,0.97,,
series_of_light_limb_taps_on_a_hard_floor_five_to_variation1-s02.wav,"Firefly_audio_series_of_light_limb_taps_on_a_hard_floor,_five_to_variation1.wav",short,74,118,limb_tap,KEEP,2388,-2.3,112,imp_transient,0.97,,
series_of_light_limb_taps_on_a_hard_floor_five_to_variation1-s03.wav,"Firefly_audio_series_of_light_limb_taps_on_a_hard_floor,_five_to_variation1.wav",short,379,189,limb_tap,KEEP,2616,-1.8,184,"imp_transient, surf_wood, surf_soft, gore_wet, settle_rest",0.97,,
series_of_light_limb_taps_on_a_hard_floor_five_to_variation1-s04.wav,"Firefly_audio_series_of_light_limb_taps_on_a_hard_floor,_five_to_variation1.wav",short,828,156,limb_tap,KEEP,2698,2.7,152,"imp_transient, imp_body, surf_soft",0.97,,
sharp_dry_slap_of_a_heavy_leather_glove_onto_packe_variation1-s01.wav,Firefly_audio_sharp_dry_slap_of_a_heavy_leather_glove_onto_packe_variation1.wav,single,36,206,imp_transient,KEEP,5322,-10.3,196,limb_tap,0.99,,satellite @264ms -34dB
sharp_dry_slap_of_a_heavy_leather_glove_onto_packe_variation3-s01.wav,Firefly_audio_sharp_dry_slap_of_a_heavy_leather_glove_onto_packe_variation3.wav,single,75,429,imp_transient,KEEP,4826,-9.5,424,"imp_body, limb_tap",0.99,,satellite @498ms -33dB
sharp_dry_slap_of_a_heavy_leather_glove_onto_packe_variation4-s01.wav,Firefly_audio_sharp_dry_slap_of_a_heavy_leather_glove_onto_packe_variation4.wav,single,10,364,imp_transient,KEEP*,3817,-6.9,347,"imp_body, surf_soft, limb_tap",0.99,"second contact at +63 ms (-15 dB), collides with imp_sub",
side_of_raw_meat_dropped_flat_onto_a_bare_wooden_f_variation2-s01.wav,Firefly_audio_side_of_raw_meat_dropped_flat_onto_a_bare_wooden_f_variation2.wav,single,133,265,imp_body,KEEP,3580,9.2,256,"imp_transient, gore_wet",1.0,,
side_of_raw_meat_dropped_flat_onto_a_bare_wooden_f_variation3-s01.wav,Firefly_audio_side_of_raw_meat_dropped_flat_onto_a_bare_wooden_f_variation3.wav,single,222,200,imp_body,RETRY,5943,5.8,194,imp_transient,0.99,"second contact at +49 ms (-8 dB), collides with imp_sub; centroid 5943 Hz, slot wants 800-4200",
single_hard_knuckle_crack_against_a_wooden_board_variation1-s01.wav,"Firefly_audio_single_hard_knuckle_crack_against_a_wooden_board,__variation1.wav",short,32,130,imp_transient,RETRY,981,3.5,118,limb_tap,0.99,"centroid 981 Hz, slot wants 1500-9000; tilt +3.5 dB, too bass-led (max -6) — a body take, not a transient",
single_hard_knuckle_crack_against_a_wooden_board_variation1-s02.wav,"Firefly_audio_single_hard_knuckle_crack_against_a_wooden_board,__variation1.wav",short,878,106,imp_transient,RETRY,885,4.3,98,"surf_wood, limb_tap",0.99,"centroid 885 Hz, slot wants 1500-9000; tilt +4.3 dB, too bass-led (max -6) — a body take, not a transient",
single_hollow_knock_on_a_thick_wooden_plank_floor_variation1-s01.wav,"Firefly_audio_single_hollow_knock_on_a_thick_wooden_plank_floor,_variation1.wav",single,9,335,surf_wood,KEEP,512,45.5,324,"imp_sub, surf_soft, gore_wet, head_impact, settle_rest",1.0,,
single_hollow_knock_on_a_thick_wooden_plank_floor_variation3-s01.wav,"Firefly_audio_single_hollow_knock_on_a_thick_wooden_plank_floor,_variation3.wav",short,20,340,surf_wood,KEEP,687,40.4,336,"surf_soft, limb_tap, gore_wet, head_impact, settle_rest",1.0,,
single_hollow_knock_on_a_thick_wooden_plank_floor_variation3-s02.wav,"Firefly_audio_single_hollow_knock_on_a_thick_wooden_plank_floor,_variation3.wav",short,321,359,surf_wood,KEEP,703,43.1,350,"surf_soft, limb_tap, gore_wet, head_impact, settle_rest",1.0,,
single_hollow_knock_on_a_thick_wooden_plank_floor_variation3-s03.wav,"Firefly_audio_single_hollow_knock_on_a_thick_wooden_plank_floor,_variation3.wav",short,675,267,surf_wood,RETRY,680,42.7,259,"surf_soft, limb_tap",1.0,"-20 dB in 18 ms, slot wants 20-160",
single_hollow_knock_on_a_thick_wooden_plank_floor_variation4-s01.wav,"Firefly_audio_single_hollow_knock_on_a_thick_wooden_plank_floor,_variation4.wav",short,15,205,surf_wood,KEEP,510,44.6,196,"surf_soft, gore_wet",0.81,,
single_hollow_knock_on_a_thick_wooden_plank_floor_variation4-s02.wav,"Firefly_audio_single_hollow_knock_on_a_thick_wooden_plank_floor,_variation4.wav",short,650,286,surf_wood,KEEP,560,43.9,203,"surf_soft, limb_tap, gore_wet, settle_rest",0.81,,
small_dull_knock_of_a_knee_hitting_packed_dirt_qu_variation3_1-s01.wav,"Firefly_audio_small_dull_knock_of_a_knee_hitting_packed_dirt,_qu_variation3(1).wav",single,519,261,limb_tap,KEEP,6098,-0.8,250,imp_transient,1.0,,
small_dull_knock_of_a_knee_hitting_packed_dirt_qu_variation3-s01.wav,"Firefly_audio_small_dull_knock_of_a_knee_hitting_packed_dirt,_qu_variation3.wav",short,22,264,limb_tap,KEEP,2066,24.4,260,"imp_body, surf_wood, surf_soft, gore_wet",1.0,,
small_dull_knock_of_a_knee_hitting_packed_dirt_qu_variation3-s02.wav,"Firefly_audio_small_dull_knock_of_a_knee_hitting_packed_dirt,_qu_variation3.wav",short,481,263,limb_tap,KEEP,2128,20.7,254,"imp_body, surf_soft",1.0,,
small_sandbag_of_damp_sand_dropped_onto_packed_ear_variation1-s01.wav,Firefly_audio_small_sandbag_of_damp_sand_dropped_onto_packed_ear_variation1.wav,single,29,179,imp_body,RETRY,5050,-3.5,174,"imp_transient, surf_stone, limb_tap",0.98,"centroid 5050 Hz, slot wants 800-4200; tilt -3.5 dB, must lean low by 4+ (not a hiss)",satellite @202ms -31dB
small_sandbag_of_damp_sand_dropped_onto_packed_ear_variation2-s01.wav,Firefly_audio_small_sandbag_of_damp_sand_dropped_onto_packed_ear_variation2.wav,single,6,184,imp_body,RETRY,5515,3.3,138,"imp_transient, limb_tap",0.98,"centroid 5515 Hz, slot wants 800-4200; tilt +3.3 dB, must lean low by 4+ (not a hiss)",
small_sandbag_of_dropped_onto_packed_earth_quiet_variation2-s01.wav,"Firefly_audio_small_sandbag_of_dropped_onto_packed_earth,_quiet__variation2.wav",single,50,214,imp_body,KEEP*,2599,17.3,200,"surf_wood, surf_soft, limb_tap, gore_wet, settle_rest",1.0,"second contact at +55 ms (-17 dB), collides with imp_sub",satellite @258ms -32dB
soft_scuff_tap_of_a_boot_heel_clipping_stone_shor_variation1-s01.wav,"Firefly_audio_soft_scuff_tap_of_a_boot_heel_clipping_stone,_shor_variation1.wav",single,572,88,limb_tap,KEEP,772,8.0,78,,1.0,,
soft_scuff_tap_of_a_boot_heel_clipping_stone_shor_variation4-s01.wav,"Firefly_audio_soft_scuff_tap_of_a_boot_heel_clipping_stone,_shor_variation4.wav",single,514,80,limb_tap,KEEP,979,6.7,75,,1.0,,satellite @166ms -26dB; satellite @588ms -28dB
twisting_a_handful_of_raw_chicken_bones_and_gristl_variation1-s01.wav,Firefly_audio_twisting_a_handful_of_raw_chicken_bones_and_gristl_variation1.wav,short,330,68,crunch_gran,RETRY,6756,-37.2,54,"imp_transient, limb_tap",0.95,"only 54 ms of event, slot wants 250-400; -20 dB in 10 ms, slot wants 30-400; centroid 6756 Hz, slot wants 500-4500; 1 transients in lomid, slot wants 15-99",satellite @234ms -30dB
twisting_a_handful_of_raw_chicken_bones_and_gristl_variation1-s02.wav,Firefly_audio_twisting_a_handful_of_raw_chicken_bones_and_gristl_variation1.wav,short,388,470,crunch_gran,RETRY,8394,-18.7,186,"imp_transient, surf_stone",0.95,"only 186 ms of event, slot wants 250-400; -20 dB in 12 ms, slot wants 30-400; centroid 8394 Hz, slot wants 500-4500; 6 transients in lomid, slot wants 15-99",satellite @234ms -30dB
twisting_a_handful_of_raw_chicken_bones_and_gristl_variation1-long.wav,Firefly_audio_twisting_a_handful_of_raw_chicken_bones_and_gristl_variation1.wav,long,330,528,crunch_gran,RETRY,8391,-18.7,186,"imp_transient, surf_stone",0.95,"only 186 ms of event, slot wants 250-400; -20 dB in 12 ms, slot wants 30-400; centroid 8391 Hz, slot wants 500-4500; 6 transients in lomid, slot wants 15-99",satellite @234ms -30dB
twisting_a_handful_of_raw_chicken_bones_and_gristl_variation2-s01.wav,Firefly_audio_twisting_a_handful_of_raw_chicken_bones_and_gristl_variation2.wav,single,308,316,crunch_gran,RETRY,8875,-26.4,172,,0.94,"only 172 ms of event, slot wants 250-400; noise floor only 29 dB down; -20 dB in 22 ms, slot wants 30-400; centroid 8875 Hz, slot wants 500-4500; 4 transients in lomid, slot wants 15-99",satellite @192ms -30dB; satellite @882ms -31dB
twisting_a_handful_of_raw_chicken_bones_and_gristl_variation4-s01.wav,Firefly_audio_twisting_a_handful_of_raw_chicken_bones_and_gristl_variation4.wav,single,48,536,crunch_gran,RETRY,8322,-24.4,468,surf_stone,0.95,"-20 dB in 18 ms, slot wants 30-400; centroid 8322 Hz, slot wants 500-4500; 12 transients in lomid, slot wants 15-99",satellite @600ms -25dB; satellite @686ms -24dB; satellite @780ms -30dB; satellite @856ms -28dB
weighted_leather_duffel_bag_dropped_hard_onto_a_st_variation2-s01.wav,Firefly_audio_weighted_leather_duffel_bag_dropped_hard_onto_a_st_variation2.wav,single,34,326,imp_body,KEEP,2350,17.9,310,"surf_wood, surf_soft, limb_tap, gore_wet, head_impact, settle_rest",0.95,,satellite @368ms -31dB
weighted_leather_duffel_bag_dropped_hard_onto_a_st_variation4-s01.wav,Firefly_audio_weighted_leather_duffel_bag_dropped_hard_onto_a_st_variation4.wav,single,122,254,imp_body,RETRY,2796,16.8,240,"surf_wood, surf_soft, gore_wet, head_impact, settle_rest",0.99,"8 transients in lomid, slot wants 0-5",satellite @370ms -28dB
wet_squelch_of_raw_meat_and_offal_squeezed_hard_t_variation1-s01.wav,"Firefly_audio_wet_squelch_of_raw_meat_and_offal_squeezed_hard,_t_variation1.wav",short,40,160,gore_wet,RETRY,7909,-21.1,156,surf_stone,0.94,"centroid 7909 Hz, slot wants 400-4000",
wet_squelch_of_raw_meat_and_offal_squeezed_hard_t_variation1-s02.wav,"Firefly_audio_wet_squelch_of_raw_meat_and_offal_squeezed_hard,_t_variation1.wav",short,190,180,gore_wet,RETRY,4727,-22.7,156,limb_tap,0.94,"-20 dB in 4 ms, slot wants 20-350; centroid 4727 Hz, slot wants 400-4000",
wet_squelch_of_raw_meat_and_offal_squeezed_hard_t_variation1-long.wav,"Firefly_audio_wet_squelch_of_raw_meat_and_offal_squeezed_hard,_t_variation1.wav",long,40,330,gore_wet,RETRY,7557,-21.2,321,,0.94,"centroid 7557 Hz, slot wants 400-4000",
wet_squelch_of_raw_meat_and_offal_squeezed_hard_t_variation3-s01.wav,"Firefly_audio_wet_squelch_of_raw_meat_and_offal_squeezed_hard,_t_variation3.wav",single,22,196,gore_wet,RETRY,7340,-38.7,176,"imp_transient, surf_stone",0.73,"-20 dB in 18 ms, slot wants 20-350; centroid 7340 Hz, slot wants 400-4000",satellite @350ms -27dB; satellite @504ms -26dB
bone_crack_impact_composite-s01.wav,bone_crack_impact-composite.wav,short,18,360,imp_body,KEEP,2213,18.5,354,"surf_wood, surf_soft, limb_tap, gore_wet, settle_rest",1.0,,satellite @512ms -30dB
bone_crack_impact_composite-s02.wav,bone_crack_impact-composite.wav,short,368,150,imp_body,RETRY,4119,13.2,146,,1.0,"10 transients in lomid, slot wants 0-5",satellite @512ms -30dB
bone_crack_impact_composite-long.wav,bone_crack_impact-composite.wav,long,18,500,imp_body,KEEP,2252,18.3,495,"surf_soft, limb_tap",1.0,,satellite @512ms -30dB
crunsh_gran_or_gore_split_at_half_has_two_sound-s01.wav,crunsh_gran_or gore-split-at-half-has-two-sound.wav,short,66,208,,??,,,,,0.96,unknown slot,satellite @624ms -29dB; satellite @822ms -27dB
crunsh_gran_or_gore_split_at_half_has_two_sound-s02.wav,crunsh_gran_or gore-split-at-half-has-two-sound.wav,short,366,132,,??,,,,,0.96,unknown slot,satellite @624ms -29dB; satellite @822ms -27dB
crunsh_gran_or_gore_split_at_half_has_two_sound-s03.wav,crunsh_gran_or gore-split-at-half-has-two-sound.wav,short,528,88,,??,,,,,0.96,unknown slot,satellite @624ms -29dB; satellite @822ms -27dB
crunsh_gran_or_gore_split_at_half_has_two_sound-s04.wav,crunsh_gran_or gore-split-at-half-has-two-sound.wav,short,714,114,,??,,,,,0.96,unknown slot,satellite @624ms -29dB; satellite @822ms -27dB
crunsh_gran_or_gore_split_at_half_has_two_sound-s05.wav,crunsh_gran_or gore-split-at-half-has-two-sound.wav,short,874,74,,??,,,,,0.96,unknown slot,satellite @624ms -29dB; satellite @822ms -27dB
crunsh_gran_or_gore_split_at_half_has_two_sound-long.wav,crunsh_gran_or gore-split-at-half-has-two-sound.wav,long,66,882,,??,,,,,0.96,unknown slot,satellite @624ms -29dB; satellite @822ms -27dB
limb_tap-s01.wav,limb_tap.wav,single,22,214,limb_tap,KEEP,6350,-2.5,201,imp_transient,1.0,,
